rownumber,id,date,primaryCSC,rat weight (kg),systemic drug,DREADDs drug,DREADDs drug route,systemic dose (% or mg/kg/min),systemic drug concentration (mg/mL),total systemic time (min),DREADDs drug concentration (mg/mL),DREADDs drug dose (mg/kg),zero time (s),channel of interest,event rows,emg channel,events filename,states filename,Xtrode filenames,Xtrode regions,units CSCs,LFP and EEG CSCs,Baseline Period (min),Systemic Drug Baseline Period (min),EMG Anesthesia Period (min),comments
1,R190321A,190410,\\mickey\MIT\Experimental Data\P01\R190321A_190410_baseline\PFCvsPCEEG.ncs,0.487,none,none,NA,NA,NA,NA,NA,NA,0,,,EMG.ncs,Events.nev,,,,,CBvsPFCEEG;EMG;PCvsCBEEG;PFCvsPCEEG,[1 2],NA,,"Bad IV, rat was going crazy and not going under, and the tail looked darker than normal, so I aborted the ketamine infusion."
2,R190321B,190411,\\mickey\MIT\Experimental Data\P01\R190321B_190411_syst_ketamine_clozapine\PFCvsPCEEG.ncs,0.460,ketamine,clozapine,iv,4.0,3,15,0.01,0.01,3233.64619200000,,20;25;28,EMG.ncs,Events.nev,,,,,CBvsPFCEEG;EMG;PCvsCBEEG;PFCvsPCEEG,[1 2],NA,,"Clozapine was given at ~minute 15. Clozapine was in a 0.01 mg/mL dilution, using 1% DMSO (made by first mixing 1 mg clozapine with 1 mL DMSO). No clave; used luer-lock cap. Ketamine concentration = 100 mg/mL. Dilution = 0.6 mL ketamine + 19.4 mL saline. This guy also had pink urine."
3,R190321A,190412,\\mickey\MIT\Experimental Data\P01\R190321A_190412_syst_ketamine_clozapine\PFCvsPCEEG.ncs,0.493,ketamine,clozapine,iv,4.0,3,15,0.01,0.01,2307.42696500000,,4;13;39,EMG.ncs,Events.nev,,,,,CBvsPFCEEG;EMG;PCvsCBEEG;PFCvsPCEEG,[1 2],NA,,"Clozapine was given at ~minute 15. Clozapine was in a 0.01 mg/mL dilution, using 1% DMSO (made by first mixing 1 mg clozapine with 1 mL DMSO). No clave; used luer-lock cap. Ketamine concentration = 100 mg/mL. Dilution = 0.6 mL ketamine + 19.4 mL saline. Pump stalled with about 30 s to go, so I pushed in (very) roughly 0.5 mL more."
4,R190320,190412,\\mickey\MIT\Experimental Data\P01\R190320_190412_baseline\PFCvsPCEEG.ncs,0.496,none,none,NA,NA,NA,NA,NA,NA,0,,,EMG.ncs,Events.nev,,,,,CBvsPFCEEG;EMG;PCvsCBEEG;PFCvsPCEEG,[1 2],NA,,"Bad IV, rat was going crazy and not going under, and the tail looked darker than normal, so I aborted the ketamine infusion."
5,R190321A,190415,\\mickey\MIT\Experimental Data\P01\R190321A_190415_syst_dexmedetomidine_clozapine\PFCvsPCEEG.ncs,0.497,dexmedetomidine,clozapine,iv,0.0045,0.00243902439,10,0.01,0.01,2159.85745400000,,4;8;26,EMG.ncs,Events.nev,,,,,CBvsPFCEEG;EMG;PCvsCBEEG;PFCvsPCEEG,[1 2],NA,,"Clozapine was given at ~minute 10. Clozapine was in a 0.01 mg/mL dilution, using 1% DMSO (made by first mixing 1 mg clozapine with 1 mL DMSO). No clave; used luer-lock cap. Dex concentration = 100 ug/mL. Dilution = 0.5 mL dex + 20 mL saline."
6,R190321B,190416,\\mickey\MIT\Experimental Data\P01\R190321B_190416_syst_dexmedetomidine_clozapine\PFCvsPCEEG.ncs,0.465,dexmedetomidine,clozapine,iv,0.0045,0.00243902439,10,0.01,0.01,2062.43496300000,,10;13;49,EMG.ncs,Events.nev,,,,,CBvsPFCEEG;EMG;PCvsCBEEG;PFCvsPCEEG,[1 2],NA,,"Clozapine was given at ~minute 10. Clozapine was in a 0.01 mg/mL dilution, using 1% DMSO (made by first mixing 1 mg clozapine with 1 mL DMSO). No clave; used luer-lock cap. Dex concentration = 100 ug/mL. Dilution = 0.5 mL dex + 20 mL saline. He likely has some urinary infection or damage."
7,R190320,190416,\\mickey\MIT\Experimental Data\P01\R190320_190416_syst_dexmedetomidine_clozapine\PFCvsPCEEG.ncs,0.511,dexmedetomidine,clozapine,iv,0.0045,0.00243902439,10,0.01,0.01,16166.9448720000,,6;9;58,EMG.ncs,Events.nev,,,,,CBvsPFCEEG;EMG;PCvsCBEEG;PFCvsPCEEG,[1 2],NA,,"Clozapine was given at ~minute 10. Clozapine was in a 0.01 mg/mL dilution, using 1% DMSO (made by first mixing 1 mg clozapine with 1 mL DMSO). No clave; used luer-lock cap. Dex concentration = 100 ug/mL. Dilution = 0.5 mL dex + 20 mL saline."
8,R190321B,190418,\\mickey\MIT\Experimental Data\P01\R190321B_190418_syst_propofol_CNO\PFCvsPCEEG.ncs,0.461,propofol,CNO,ip,0.8,10,40,0.5,5,2562.03271800000,,,EMG.ncs,Events.nev,,,,,CBvsPFCEEG;EMG;PCvsCBEEG;PFCvsPCEEG,[1 2],NA,,CNO was given at ~1 hr before the start of the propofol infusion. No clave; used luer-lock cap.
9,R190320,190418,\\mickey\MIT\Experimental Data\P01\R190320_190418_syst_propofol_CNO\PFCvsPCEEG.ncs,0.510,propofol,CNO,ip,0.8,10,40,0.5,5,20748.6176010000,,,EMG.ncs,Events.nev,,,,,CBvsPFCEEG;EMG;PCvsCBEEG;PFCvsPCEEG,[1 2],NA,,CNO was given at ~1 hr before the start of the propofol infusion. No clave; used luer-lock cap.
10,R190321A,190419,\\mickey\MIT\Experimental Data\P01\R190321A_190419_syst_propofol_CNO\PFCvsPCEEG.ncs,0.497,propofol,CNO,ip,0.8,10,40,0.5,5,3130.55033400000,,,EMG.ncs,Events.nev,,,,,CBvsPFCEEG;EMG;PCvsCBEEG;PFCvsPCEEG,[1 2],NA,,CNO was given at ~1 hr before the start of the propofol infusion. No clave; used luer-lock cap.
11,R190321A,190422,\\mickey\MIT\Experimental Data\P01\R190321A_190422_syst_propofol_saline\PFCvsPCEEG.ncs,0.490,propofol,saline,ip,0.8,10,40,NA,NA,0,,,EMG.ncs,Events.nev,,,,,CBvsPFCEEG;EMG;PCvsCBEEG;PFCvsPCEEG,[1 2],NA,,"4.9 mL saline was given at ~1 hr before the start of the propofol infusion. No clave; used luer-lock cap. Bad IV, rat was going crazy and not going under, so I aborted the propofol infusion."
12,R190321B,190423,\\mickey\MIT\Experimental Data\P01\R190321B_190423_syst_ketamine_CNO\PFCvsPCEEG.ncs,0.478,ketamine,CNO,ip,4.0,3,15,0.5,5,2319.88245700000,,10;40,EMG.ncs,Events.nev,,,,,CBvsPFCEEG;EMG;PCvsCBEEG;PFCvsPCEEG,[1 2],NA,,CNO was given at ~1 hr before the start of the propofol infusion. No clave; used luer-lock cap.
13,R190321A,190423,\\mickey\MIT\Experimental Data\P01\R190321A_190423_syst_propofol_saline\PFCvsPCEEG.ncs,0.489,propofol,saline,ip,0.8,10,40,NA,NA,13973.9732850000,,,EMG.ncs,Events.nev,,,,,CBvsPFCEEG;EMG;PCvsCBEEG;PFCvsPCEEG,[1 2],NA,,4.9 mL saline was given at ~1 hr before the start of the propofol infusion. No clave; used luer-lock cap.
14,R190320,190424,\\mickey\MIT\Experimental Data\P01\R190320_190424_syst_dexmedetomidine_CNO\PFCvsPCEEG.ncs,0.508,dexmedetomidine,CNO,ip,0.0045,0.00243902439,10,0.5,5,1515.41617100000,,,EMG.ncs,Events.nev,,,,,CBvsPFCEEG;EMG;PCvsCBEEG;PFCvsPCEEG,[1 2],NA,,CNO was given at ~38 min before the start of the propofol infusion. No clave; used luer-lock cap.
15,R190321A,190429,\\mickey\MIT\Experimental Data\P01\R190321A_190429_baseline\PFCvsPCEEG.ncs,0.522,none,none,NA,NA,NA,NA,NA,NA,0,,,EMG.ncs,Events.nev,,,,,CBvsPFCEEG;EMG;PCvsCBEEG;PFCvsPCEEG,[1 2],NA,,
16,R190321A,190429,\\mickey\MIT\Experimental Data\P01\R190321A_190429_CNO\PFCvsPCEEG.ncs,0.522,none,CNO,ip,NA,NA,NA,0.5,1,0,,,EMG.ncs,Events.nev,,,,,CBvsPFCEEG;EMG;PCvsCBEEG;PFCvsPCEEG,[1 2],NA,,Approximately 5 mins of isoflurane was used to do the ip injection of CNO.
17,R190321B,190430,\\mickey\MIT\Experimental Data\P01\R190321B_190430_baseline\PFCvsPCEEG.ncs,0.485,none,none,NA,NA,NA,NA,NA,NA,0,,,EMG.ncs,Events.nev,,,,,CBvsPFCEEG;EMG;PCvsCBEEG;PFCvsPCEEG,[1 2],NA,,
18,R190321B,190430,\\mickey\MIT\Experimental Data\P01\R190321B_190430_CNO\PFCvsPCEEG.ncs,0.485,none,CNO,ip,NA,NA,NA,0.5,1,0,,,EMG.ncs,Events.nev,,,,,CBvsPFCEEG;EMG;PCvsCBEEG;PFCvsPCEEG,[1 2],NA,,Approximately 5 mins of isoflurane was used to do the ip injection of CNO.
19,R190320,190501,\\mickey\MIT\Experimental Data\P01\R190320_190501_CNO\PFCvsPCEEG.ncs,0.529,none,CNO,ip,NA,NA,NA,0.5,1,11420.5079780000,,,EMG.ncs,Events.nev,,,,,CBvsPFCEEG;EMG;PCvsCBEEG;PFCvsPCEEG,[1 2],NA,,Approximately 5 mins of sevoflurane was used to do the ip injection of CNO. Sevoflurane was stopped only briefly before the recording was started.
20,R190321A,190522,\\mickey\MIT\Experimental Data\P01\R190321A_190522_syst_ketamine_CNO\PFCvsPCEEG.ncs,0.584,ketamine,CNO,ip,4,3,12.84,0.594,1,3133.07440900000,,,EMG.ncs,Events.nev,,,,,CBvsPFCEEG;EMG;PCvsCBEEG;PFCvsPCEEG,[1 2],NA,,"CNO was given at 11:32 am, ~1 hr before the start of the ketamine infusion. No clave; used luer-lock cap. Only 10 ml of ketamine (rather than 11.9). Edited the timestamp in line 23 of the events file based on the video because it was clearly wrong."
21,R190619B,190703,D:\data\R190619B_R190617A_190703_syst_ketamine_saline\PFCvsPCEEG.ncs,0.495,ketamine,saline,ip,4,6,15,NA,NA,4556.30912500000,,,EMG.ncs,Events.nev,,,,,CBvsPFCEEG;EMG;PCvsCBEEG;PFCvsPCEEG,[-6 -1],NA,16,"Saline was given at 11:06 am, ~1 hr before the start of the ketamine infusion. No clave; used luer-lock cap. Ketamine dilution was made by putting 3 mL of 100 mg/mL ketamine in 47 mL saline."
22,R190617A,190703,D:\data\R190619B_R190617A_190703_syst_ketamine_saline\PFCvsPCEEG2.ncs,0.457,ketamine,saline,ip,4,6,15,NA,NA,5759.97934800000,,,EMG2.ncs,Events.nev,,,,,CBvsPFCEEG2;EMG2;PCvsCBEEG2;PFCvsPCEEG2,[1 2],NA,,"Saline was given at 11:26 am, ~1 hr before the start of the ketamine infusion. No clave; used luer-lock cap. Ketamine dilution was made by putting 3 mL of 100 mg/mL ketamine in 47 mL saline. IV came out mid-ketamine infusion."
23,R190618A,190703,D:\data\R190618A_R190618B_190703_syst_ketamine_saline\PFCvsPCEEG.ncs,0.509,ketamine,saline,ip,4,6,15,NA,NA,14548.6194030000,,,EMG.ncs,Events.nev,,,,,CBvsPFCEEG;EMG;PCvsCBEEG;PFCvsPCEEG,[-20 -15],NA,,"Saline was given at 1:52 pm, ~1 hr before the start of the ketamine infusion. No clave; used luer-lock cap. Ketamine dilution was made by putting 3 mL of 100 mg/mL ketamine in 47 mL saline."
24,R190618B,190703,D:\data\R190618A_R190618B_190703_syst_ketamine_saline\PFCvsPCEEG2.ncs,0.499,ketamine,saline,ip,4,6,15,NA,NA,19547.3040830000,,,EMG2.ncs,Events.nev,,,,,CBvsPFCEEG2;EMG2;PCvsCBEEG2;PFCvsPCEEG2,[-16 -11],NA,15,"Saline was given at 2:19 pm, ~2 hrs before the start of the ketamine infusion. No clave; used luer-lock cap. Ketamine dilution was made by putting 3 mL of 100 mg/mL ketamine in 47 mL saline."
25,R190619A,190705,D:\data\R190619A_190705_syst_ketamine_saline\PFCvsPCEEG.ncs,0.536,ketamine,saline,ip,4,6,15,NA,NA,1719.93798700000,,,EMG.ncs,Events.nev,,,,,CBvsPFCEEG;EMG;PCvsCBEEG;PFCvsPCEEG,[-11 -6],NA,14.5,"Saline was given at 2:45 pm, ~1 hr before the start of the ketamine infusion. No clave; used luer-lock cap. Ketamine dilution was made by putting 3 mL of 100 mg/mL ketamine in 47 mL saline. Stopped before 2 hrs post-ketamine because he got unplugged, and when I plugged him back in his signals were bad."
26,R190618B,190708,D:\data\R190618B_R190618A_190708_syst_dexmedetomidine_CNO\PFCvsPCEEG.ncs,0.520,dexmedetomidine,CNO,ip,0.0045,0.005,10,0.5,1,5334.82238600000,,,EMG.ncs,Events.nev,,,,,CBvsPFCEEG;EMG;PCvsCBEEG;PFCvsPCEEG,[-11 -6],NA,11.2,"CNO was given at 12:05 pm, ~1 hr before the start of the dex infusion. No clave; used luer-lock cap. Dex dilution was made by putting 2 mL of 100 ug/mL dex in 38 mL saline. Heating pad was already started before recording. Rat was probably woken up by noise from the other rat."
27,R190618A,190708,D:\data\R190618B_R190618A_190708_syst_dexmedetomidine_CNO\PFCvsPCEEG2.ncs,0.528,dexmedetomidine,CNO,ip,0.0045,0.005,10,0.5,1,6886.20629300000,,,EMG2.ncs,Events.nev,,,,,CBvsPFCEEG2;EMG2;PCvsCBEEG2;PFCvsPCEEG2,[-7 -2],NA,,"CNO was given at 12:31 pm, ~1 hr before the start of the dex infusion. No clave; used luer-lock cap. Dex dilution was made by putting 2 mL of 100 ug/mL dex in 38 mL saline. Heating pad was already started before recording."
28,R190619B,190708,D:\data\R190619B_R190619A_190708_syst_dexmedetomidine_CNO\PFCvsPCEEG.ncs,0.516,dexmedetomidine,CNO,ip,0.0045,0.005,10,0.5,1,20039.4640220000,,,EMG.ncs,Events.nev,,,,,CBvsPFCEEG;EMG;PCvsCBEEG;PFCvsPCEEG,[-12 -7],NA,12+(49/60),"CNO was given at 4:11 pm, ~1 hr before the start of the dex infusion. No clave; used luer-lock cap. Dex dilution was made by putting 2 mL of 100 ug/mL dex in 38 mL saline. Heating pad was already started before recording."
29,R190619A,190708,D:\data\R190619B_R190619A_190708_syst_dexmedetomidine_CNO\PFCvsPCEEG2.ncs,0.543,dexmedetomidine,CNO,ip,0.0045,0.005,10,0.5,1,26087.6780820000,,,EMG2.ncs,Events.nev,,,,,CBvsPFCEEG2;EMG2;PCvsCBEEG2;PFCvsPCEEG2,[-8 -3],NA,11.4,"CNO was given at 4:31 pm, ~2 hrs before the start of the dex infusion. No clave; used luer-lock cap. Dex dilution was made by putting 2 mL of 100 ug/mL dex in 38 mL saline. Heating pad was already started before recording."
30,R190617A,190709,D:\data\R190423_R190617A_190709_syst_ketamine_syst_ketamine_CNO\PFCvsPCEEG2.ncs,0.482,ketamine,CNO,ip,4,6,15,0.5,1,9154.23313300000,,,EMG2.ncs,Events.nev,,,,,CBvsPFCEEG2;EMG2;PCvsCBEEG2;PFCvsPCEEG2,[-14 -9],NA,23+(11/60),"CNO was given at 1:22 pm, ~1 hr before the start of the ketamine infusion. No clave; used luer-lock cap. Ketamine dilution was made by putting 3 mL of 100 mg/mL ketamine in 47 mL saline. Heating pad was already started before recording."
31,R190620,190709,D:\data\R190620_R190617B_190709_syst_ketamine_syst_ketamine_CNO\PFCvsPCEEG.ncs,0.513,ketamine,CNO,ip,4,6,15,0.5,1,19918.8117710000,,,EMG.ncs,Events.nev,,,,,CBvsPFCEEG;EMG;PCvsCBEEG;PFCvsPCEEG,[-9 -4],NA,14+(14/60),"CNO was given at 4:22 pm, ~1 hr before the start of the ketamine infusion. No clave; used luer-lock cap. Ketamine dilution was made by putting 3 mL of 100 mg/mL ketamine in 47 mL saline. Heating pad was already started before recording."
32,R190617B,190709,D:\data\R190620_R190617B_190709_syst_ketamine_syst_ketamine_CNO\PFCvsPCEEG2.ncs,0.564,ketamine,CNO,ip,4,6,15,0.5,1,21053.4171710000,,,EMG2.ncs,Events.nev,,,,,CBvsPFCEEG2;EMG2;PCvsCBEEG2;PFCvsPCEEG2,[-13 -8],NA,16.8,"CNO was given at 4:42 pm, ~1 hr before the start of the ketamine infusion. No clave; used luer-lock cap. Ketamine dilution was made by putting 3 mL of 100 mg/mL ketamine in 47 mL saline. Heating pad was already started before recording."
33,R190618B,190711,D:\data\R190618B_R190618A_190711_syst_ketamine_syst_ketamine_CNO\PFCvsPCEEG2.ncs,0.532,ketamine,CNO,ip,4,6,15,0.5,1,2008.41810800000,,,EMG.ncs,Events.nev,,,,,CBvsPFCEEG;EMG;PCvsCBEEG;PFCvsPCEEG,[-10 -5],NA,4+(43/60),"CNO was given at 10:54 am, ~1 hr before the start of the ketamine infusion. No clave; used luer-lock cap. Ketamine dilution was made by putting 3 mL of 100 mg/mL ketamine in 47 mL saline. Heating pad was already started before recording."
34,R190618A,190711,D:\data\R190618B_R190618A_190711_syst_ketamine_syst_ketamine_CNO\PFCvsPCEEG2.ncs,0.538,ketamine,CNO,ip,4,6,15,0.5,1,3153.56273400000,,,EMG2.ncs,Events.nev,,,,,CBvsPFCEEG2;EMG2;PCvsCBEEG2;PFCvsPCEEG2,[-15 -10],NA,,"CNO was given at 11:19 am, ~1 hr before the start of the ketamine infusion. No clave; used luer-lock cap. Ketamine dilution was made by putting 3 mL of 100 mg/mL ketamine in 47 mL saline. Heating pad was already started before recording."
35,R190619B,190711,D:\data\R190619B_R190619A_190711_syst_ketamine_syst_ketamine_CNO\PFCvsPCEEG2.ncs,0.522,ketamine,CNO,ip,4,6,15,0.5,1,13233.2623630000,,,EMG.ncs,Events.nev,,,,,CBvsPFCEEG;EMG;PCvsCBEEG;PFCvsPCEEG,[-8 -3],NA,7+(23/60),"CNO was given at 2:06 pm, ~1 hr before the start of the ketamine infusion. No clave; used luer-lock cap. Ketamine dilution was made by putting 3 mL of 100 mg/mL ketamine in 47 mL saline. Heating pad was already started before recording."
36,R190619A,190711,D:\data\R190619B_R190619A_190711_syst_ketamine_syst_ketamine_CNO\PFCvsPCEEG2.ncs,0.540,ketamine,CNO,ip,4,6,15,0.5,1,14367.5032830000,,,EMG2.ncs,Events.nev,,,,,CBvsPFCEEG2;EMG2;PCvsCBEEG2;PFCvsPCEEG2,[-11 -6],NA,15.9,"CNO was given at 2:26 pm, ~1 hr before the start of the ketamine infusion. No clave; used luer-lock cap. Ketamine dilution was made by putting 3 mL of 100 mg/mL ketamine in 47 mL saline. Heating pad was already started before recording."
37,R190620,190712,D:\data\R190620_R190617A_190712_syst_dexmedetomidine_CNO\PFCvsPCEEG.ncs,0.522,dexmedetomidine,CNO,ip,0.0045,0.005,10,0.5,1,1981.78988500000,,,EMG.ncs,Events.nev,,,,,CBvsPFCEEG;EMG;PCvsCBEEG;PFCvsPCEEG,[-7 -2],NA,14+(8/60),"CNO was given at 11:13 am, ~1 hr before the start of the dex infusion. No clave; used luer-lock cap. Dex dilution was made by putting 2 mL of 100 ug/mL dex in 38 mL saline. Heating pad was already started before recording."
38,R190617A,190712,D:\data\R190620_R190617A_190712_syst_dexmedetomidine_CNO\PFCvsPCEEG2.ncs,0.4955,dexmedetomidine,CNO,ip,0.0045,0.005,10,0.5,1,3929.76457600000,,,EMG2.ncs,Events.nev,,,,,CBvsPFCEEG2;EMG2;PCvsCBEEG2;PFCvsPCEEG2,[-7 -2],NA,9+(14/60),"CNO was given at 11:48 am, ~1 hr before the start of the dex infusion. No clave; used luer-lock cap. Dex dilution was made by putting 2 mL of 100 ug/mL dex in 38 mL saline. Heating pad was already started before recording."
39,R190617B,190712,D:\data\R190610_R190617B_190712_syst_ketamine_dexmedetomidine_CNO\PFCvsPCEEG2.ncs,0.5805,dexmedetomidine,CNO,ip,0.0045,0.005,10,0.5,1,17409.2789790000,,,EMG2.ncs,Events.nev,,,,,CBvsPFCEEG2;EMG2;PCvsCBEEG2;PFCvsPCEEG2,[-13 -8],NA,13.2,"CNO was given at 3:31 pm, ~1 hr before the start of the dex infusion. No clave; used luer-lock cap. Dex dilution was made by putting 2 mL of 100 ug/mL dex in 38 mL saline. Heating pad was already started before recording."
40,R190620,190715,D:\data\R190620_R190617A_190715_syst_dexmedetomidine_saline\PFCvsPCEEG.ncs,0.519,dexmedetomidine,saline,ip,0.0045,0.005,10,NA,NA,2238.93174000000,,,EMG.ncs,Events.nev,,,,,CBvsPFCEEG;EMG;PCvsCBEEG;PFCvsPCEEG,[-7 -2],NA,11.3,"Saline was given at 9:36 am, ~1 hr before the start of the dex infusion. No clave; used luer-lock cap. Dex dilution was made by putting 2 mL of 100 ug/mL dex in 38 mL saline. Heating pad was already started before recording."
41,R190617A,190715,D:\data\R190620_R190617A_190715_syst_dexmedetomidine_saline\PFCvsPCEEG2.ncs,0.502,dexmedetomidine,saline,ip,0.0045,0.005,10,NA,NA,3491.88893900000,,,EMG2.ncs,Events.nev,,,,,CBvsPFCEEG2;EMG2;PCvsCBEEG2;PFCvsPCEEG2,[-16 -11],NA,6+(52/60),"Saline was given at 10:00 am, ~1 hr before the start of the dex infusion. No clave; used luer-lock cap. Dex dilution was made by putting 2 mL of 100 ug/mL dex in 38 mL saline. Heating pad was already started before recording."
42,R190617B,190715,D:\data\R190617B_190715_syst_dexmedetomidine_saline\PFCvsPCEEG.ncs,0.578,dexmedetomidine,saline,ip,0.0045,0.005,10,NA,NA,18488.1259030000,,,EMG.ncs,Events.nev,,,,,CBvsPFCEEG;EMG;PCvsCBEEG;PFCvsPCEEG,[-20 -15],NA,8+(44/60),"Saline was given at 2:10 pm, ~1 hr before the start of the dex infusion. No clave; used luer-lock cap. Dex dilution was made by putting 2 mL of 100 ug/mL dex in 38 mL saline. Heating pad was already started before recording."
43,R190618B,190716,D:\data\R190618B_190716_syst_dexmedetomidine_saline\PFCvsPCEEG.ncs,0.550,dexmedetomidine,saline,ip,0.0045,0.005,10,NA,NA,2571.09253800000,,,EMG.ncs,Events.nev,,,,,CBvsPFCEEG;EMG;PCvsCBEEG;PFCvsPCEEG,[-6 -1],NA,12+(19/60),"Saline was given at 10:10 am, ~1 hr before the start of the dex infusion. No clave; used luer-lock cap. Dex dilution was made by putting 2 mL of 100 ug/mL dex in 38 mL saline. Heating pad was already started before recording."
44,R190618A,190717,D:\data\R190618A_R190619A_190717_syst_dexmedetomidine_saline\PFCvsPCEEG.ncs,0.5605,dexmedetomidine,saline,ip,0.0045,0.005,10,NA,NA,4738.17479400000,,,EMG.ncs,Events.nev,,,,,CBvsPFCEEG;EMG;PCvsCBEEG;PFCvsPCEEG,[-25 -20],NA,,"Saline was given at 9:44 am, ~1 hr before the start of the dex infusion. No clave; used luer-lock cap. Dex dilution was made by putting 2 mL of 100 ug/mL dex in 38 mL saline. Heating pad was already started before recording."
45,R190619A,190717,D:\data\R190618A_R190619A_190717_syst_dexmedetomidine_saline\PFCvsPCEEG2.ncs,0.574,dexmedetomidine,saline,ip,0.0045,0.005,10,NA,NA,5940.62333000000,,,EMG2.ncs,Events.nev,,,,,CBvsPFCEEG2;EMG2;PCvsCBEEG2;PFCvsPCEEG2,[-15 -10],NA,11+(32/60),"Saline was given at 10:04 am, ~1 hr before the start of the dex infusion. No clave; used luer-lock cap. Dex dilution was made by putting 2 mL of 100 ug/mL dex in 38 mL saline. Heating pad was already started before recording."
46,R190619B,190717,D:\data\R190619B_190717_syst_dexmedetomidine_saline\PFCvsPCEEG.ncs,0.545,dexmedetomidine,saline,ip,0.0045,0.005,10,NA,NA,19474.7466020000,,,EMG.ncs,Events.nev,,,,,CBvsPFCEEG;EMG;PCvsCBEEG;PFCvsPCEEG,[-19 -14],NA,5+(4/60),"Saline was given at 1:49 pm, ~1 hr before the start of the dex infusion. No clave; used luer-lock cap. Dex dilution was made by putting 2 mL of 100 ug/mL dex in 38 mL saline. Heating pad was already started before recording."
47,R190620,190722,D:\data\R190620_R190617B_190722_syst_ketamine_saline\PFCvsPCEEG.ncs,0.539,ketamine,saline,ip,4,6,15,NA,NA,6215.69176500000,,,EMG.ncs,Events.nev,,,,,CBvsPFCEEG;EMG;PCvsCBEEG;PFCvsPCEEG,[-6 -1],NA,14.2,"Saline was given at 10:54 am, ~1 hr before the start of the ketamine infusion. No clave; used luer-lock cap. Ketamine dilution was made by putting 3 mL of 100 mg/mL ketamine in 47 mL saline."
48,R190617B,190722,D:\data\R190620_R190617B_190722_syst_ketamine_saline\PFCvsPCEEG2.ncs,0.626,ketamine,saline,ip,4,6,15,NA,NA,7417.57973500000,,,EMG2.ncs,Events.nev,,,,,CBvsPFCEEG2;EMG2;PCvsCBEEG2;PFCvsPCEEG2,[-6 -1],NA,16,"Saline was given at 11:14 am, ~1 hr before the start of the ketamine infusion. No clave; used luer-lock cap. Ketamine dilution was made by putting 3 mL of 100 mg/mL ketamine in 47 mL saline."
49,R190617A,190722,D:\data\R190617A_190722_syst_ketamine_saline\PFCvsPCEEG.ncs,0.537,ketamine,saline,ip,4,6,15,NA,NA,19364.8556450000,,,EMG.ncs,Events.nev,,,,,CBvsPFCEEG;EMG;PCvsCBEEG;PFCvsPCEEG,[1 2],NA,,"Saline was given at 2:33 pm, ~1 hr before the start of the ketamine infusion. No clave; used luer-lock cap. Ketamine dilution was made by putting 3 mL of 100 mg/mL ketamine in 47 mL saline. Saw fluid coming out around tail mid-infusion--IV didn't work."
50,R190617A,190724,D:\data\R190617A_190724_syst_ketamine_saline\PFCvsPCEEG.ncs,0.538,ketamine,saline,ip,4,6,15,NA,NA,7966.09357300000,,,EMG.ncs,Events.nev,,,,,CBvsPFCEEG;EMG;PCvsCBEEG;PFCvsPCEEG,[-20 -15],NA,16.5,"Saline was given at 10:33 am, ~1 hr before the start of the ketamine infusion. No clave; used luer-lock cap. Ketamine dilution was made by putting 3 mL of 100 mg/mL ketamine in 47 mL saline."
51,R190619A,190729,D:\data\R190619A_R190617B_190729_syst_propofol_saline\PFCvsPCEEG.ncs,0.6505,propofol,saline,ip,0.8,10,40,NA,NA,6523.03491900000,,,EMG.ncs,Events.nev,,,,,CBvsPFCEEG;EMG;PCvsCBEEG;PFCvsPCEEG,[1 2],NA,,"Saline was given at 10:29 am, ~1 hr before the start of the propofol infusion. No clave; used luer-lock cap. Heating pad was already started before recording."
52,R190617B,190729,D:\data\R190619A_R190617B_190729_syst_propofol_saline\PFCvsPCEEG2.ncs,0.675,propofol,saline,ip,0.8,10,40,NA,NA,0,,,EMG2.ncs,Events.nev,,,,,CBvsPFCEEG2;EMG2;PCvsCBEEG2;PFCvsPCEEG2,[1 2],NA,,"Saline was given at 10:49 am, ~1 hr before the start of the propofol infusion. No clave; used luer-lock cap. Heating pad was already started before recording. Cannula came out before propofol infusion started."
53,R190620,190729,D:\data\R190620_190729_syst_propofol_saline\PFCvsPCEEG.ncs,0.572,propofol,saline,ip,1.67,10,15,NA,NA,14306.8949510000,,,EMG.ncs,Events.nev,,,,,CBvsPFCEEG;EMG;PCvsCBEEG;PFCvsPCEEG,[1 2],NA,21.25,"Saline was given at 12:41 pm, ~1 hr before the start of the propofol infusion. No clave; used luer-lock cap. Heating pad was already started before recording."
54,R190618B,190729,D:\data\R190618B_190729_syst_propofol_saline\PFCvsPCEEG.ncs,0.621,propofol,saline,ip,1.67,10,15,NA,NA,22043.3634920000,,,EMG.ncs,Events.nev,,,,,CBvsPFCEEG;EMG;PCvsCBEEG;PFCvsPCEEG,[1 2],NA,,"Saline was given at 2:51 pm, ~1 hr before the start of the propofol infusion. No clave; used luer-lock cap. Heating pad was already started before recording."
55,R190617A,190730,D:\data\R190617A_190730_syst_propofol_saline\PFCvsPCEEG.ncs,0.562,propofol,saline,ip,1.67,10,15,NA,NA,5610.88074700000,,,EMG.ncs,Events.nev,,,,,CBvsPFCEEG;EMG;PCvsCBEEG;PFCvsPCEEG,[1 2],NA,5.8,"Saline was given at 3:25 pm, ~1 hr before the start of the propofol infusion. No clave; used luer-lock cap. Heating pad was already started before recording."
56,R190619B,190731,D:\data\R190619B_190731_syst_propofol_saline\PFCvsPCEEG.ncs,0.619,propofol,saline,ip,1.67,10,15,NA,NA,5575.82322600000,,,EMG.ncs,Events.nev,,,,,CBvsPFCEEG;EMG;PCvsCBEEG;PFCvsPCEEG,[1 2],NA,17+(4/60),"Saline was given at 10:15 am, ~1 hr before the start of the propofol infusion. No clave; used luer-lock cap. Heating pad was already started before recording."
57,R190617B,190731,D:\data\R190617B_190731_syst_propofol_saline\PFCvsPCEEG.ncs,0.677,propofol,saline,ip,1.67,10,15,NA,NA,12655.4895280000,,,EMG.ncs,Events.nev,,,,,CBvsPFCEEG;EMG;PCvsCBEEG;PFCvsPCEEG,[1 2],NA,,"Saline was given at 12:13 pm, ~1 hr before the start of the propofol infusion. No clave; used luer-lock cap. Heating pad was already started before recording. I am relatively sure this was saline (I had originally intended to do CNO on this rat only, but a syringe that was still around after I finished with this rat had a label for R190617B on it, so I think I used a saline syring by accident instead), but I can't be sure."
58,R190618A,190731,D:\data\R190618A_190731_syst_propofol_CNO\PFCvsPCEEG.ncs,0.6315,propofol,CNO,ip,1.67,10,15,0.5,1,23095.7853440000,,,EMG.ncs,Events.nev,,,,,CBvsPFCEEG;EMG;PCvsCBEEG;PFCvsPCEEG,[1 2],NA,16+(38/60),"CNO was given at 3:07 pm, ~1 hr before the start of the propofol infusion. No clave; used luer-lock cap. Heating pad was already started before recording."
59,R190618B,190801,D:\data\R190618B_190801_syst_propofol_CNO\PFCvsPCEEG.ncs,0.622,propofol,CNO,ip,1.67,10,15,0.5,1,3015.91005300000,,,EMG.ncs,Events.nev,,,,,CBvsPFCEEG;EMG;PCvsCBEEG;PFCvsPCEEG,[1 2],NA,,"CNO was given at 10:51 am, ~1 hr before the start of the propofol infusion. No clave; used luer-lock cap. Heating pad was already started before recording. Cannula came out mid propofol infusion"
60,R190620,190801,D:\data\R190620_190801_syst_propofol_CNO\PFCvsPCEEG.ncs,0.573,propofol,CNO,ip,1.67,10,15,0.5,1,9076.42693700000,,,EMG.ncs,Events.nev,,,,,CBvsPFCEEG;EMG;PCvsCBEEG;PFCvsPCEEG,[1 2],NA,22.35,"CNO was given at 12:32 pm, ~1 hr before the start of the propofol infusion. No clave; used luer-lock cap. Heating pad was already started before recording."
61,R190619A,190801,D:\data\R190619A_190801_syst_propofol_CNO\PFCvsPCEEG.ncs,0.658,propofol,CNO,ip,1.67,10,15,0.5,1,16040.2709990000,,,EMG.ncs,Events.nev,,,,,CBvsPFCEEG;EMG;PCvsCBEEG;PFCvsPCEEG,[1 2],NA,,"CNO was given at  2:28 pm, ~1 hr before the start of the propofol infusion. No clave; used luer-lock cap. Heating pad was already started before recording. Cannula came out mid propofol infusion"
62,R190617A,190802,D:\data\R190617A_190802_syst_propofol_CNO\PFCvsPCEEG.ncs,0.567,propofol,CNO,ip,1.67,10,15,0.5,1,3247.58701200000,,,EMG.ncs,Events.nev,,,,,CBvsPFCEEG;EMG;PCvsCBEEG;PFCvsPCEEG,[1 2],NA,,"CNO was given at 2:54 pm, ~1 hr before the start of the propofol infusion. No clave; used luer-lock cap. Heating pad was already started before recording."
63,R190620,190805,D:\data\R190620_190805_saline\PFCvsPCEEG.ncs,0.575,none,saline,ip,NA,NA,NA,NA,NA,1901.80856800000,,,EMG.ncs,Events.nev,R190620_states.mat,,,,CBvsPFCEEG;EMG;PCvsCBEEG;PFCvsPCEEG,[1 2],NA,284.95,
64,R190620,190806,D:\data\R190620_190806_CNO\PFCvsPCEEG.ncs,0.580,none,CNO,ip,NA,NA,NA,0.5,1,6762.79670100000,,,EMG.ncs,Events.nev,R190620_states.mat,,,,CBvsPFCEEG;EMG;PCvsCBEEG;PFCvsPCEEG,[1 2],NA,220+(46/60),
65,R190619B,190807,D:\data\R190619B_190807_saline\PFCvsPCEEG.ncs,0.655,none,saline,ip,NA,NA,NA,NA,NA,3947.32828800000,,,EMG.ncs,Events.nev,R190619B_states.mat,,,,CBvsPFCEEG;EMG;PCvsCBEEG;PFCvsPCEEG,[1 2],NA,202.95,
66,R190619B,190808,D:\data\R190619B_190808_CNO\PFCvsPCEEG.ncs,0.653,none,CNO,ip,NA,NA,NA,0.5,1,5136.53074400000,,,EMG.ncs,Events.nev,R190619B_states.mat,,,,CBvsPFCEEG;EMG;PCvsCBEEG;PFCvsPCEEG,[1 2],NA,30+(49/60),
67,R190618A,190809,D:\data\R190618A_190809_CNO\PFCvsPCEEG.ncs,0.674,none,CNO,ip,NA,NA,NA,0.5,1,3963.87440500000,,,EMG.ncs,Events.nev,,,,,CBvsPFCEEG;EMG;PCvsCBEEG;PFCvsPCEEG,[1 2],NA,,
68,R190618A,190812,D:\data\R190618A_190812_saline\PFCvsPCEEG.ncs,0.672,none,saline,ip,NA,NA,NA,NA,NA,2858.11919000000,,,EMG.ncs,Events.nev,,,,,CBvsPFCEEG;EMG;PCvsCBEEG;PFCvsPCEEG,[1 2],NA,,Headstage was plugged into the input board.
69,R190617B,190813,D:\data\R190617B_190813\PFCvsPCEEG.ncs,0.741,none,none,NA,NA,NA,NA,NA,NA,0,,,EMG.ncs,Events.nev,,,,,CBvsPFCEEG;EMG;PCvsCBEEG;PFCvsPCEEG,[1 2],NA,,Headstage was plugged into the input board.
70,R190617A,190813,D:\data\R190617A_190813_saline\PFCvsPCEEG.ncs,0.614,none,saline,ip,NA,NA,NA,NA,NA,4131.03152500000,,,EMG.ncs,Events.nev,R190617A_states.mat,,,,CBvsPFCEEG;EMG;PCvsCBEEG;PFCvsPCEEG,[1 2],NA,232+(32/60),Headstage was plugged into the input board.
71,R190617A,190814,D:\data\R190617A_190814_CNO\PFCvsPCEEG.ncs,0.610,none,CNO,ip,NA,NA,NA,0.5,1,3917.56536500000,,,EMG.ncs,Events.nev,R190617A_states.mat,,,,CBvsPFCEEG;EMG;PCvsCBEEG;PFCvsPCEEG,[1 2],NA,278+(23/60),Headstage was plugged into the input board.
72,R190617B,190815,D:\data\R190617B_R190618B_190815_saline\PFCvsPCEEG.ncs,0.742,none,none,NA,NA,NA,NA,NA,NA,0,,,EMG.ncs,Events.nev,,,,,CBvsPFCEEG;EMG;PCvsCBEEG;PFCvsPCEEG,[1 2],NA,,Headstage broke.
73,R190618B,190815,D:\data\R190617B_R190618B_190815_saline\PFCvsPCEEG2.ncs,0.6705,none,saline,ip,NA,NA,NA,NA,NA,5833.71439000000,,,EMG2.ncs,Events.nev,R190618B_states.mat,,,,CBvsPFCEEG2;EMG2;PCvsCBEEG2;PFCvsPCEEG2,[1 2],NA,183.1,
74,R190619A,190816,D:\data\R190619A_R190618B_190816_CNO\PFCvsPCEEG.ncs,0.7345,none,CNO,ip,NA,NA,NA,0.5,1,4811.06166100000,,,EMG.ncs,Events.nev,R190619A_states.mat,,,,CBvsPFCEEG;EMG;PCvsCBEEG;PFCvsPCEEG,[1 2],NA,66.4,
75,R190618B,190816,D:\data\R190619A_R190618B_190816_CNO\PFCvsPCEEG2.ncs,0.6675,none,CNO,ip,NA,NA,NA,0.5,1,4995.60313700000,,,EMG2.ncs,Events.nev,R190618B_states.mat,,,,CBvsPFCEEG2;EMG2;PCvsCBEEG2;PFCvsPCEEG2,[1 2],NA,193+(46/60),
76,R190619A,190819,D:\data\R190619A_190819_saline\PFCvsPCEEG.ncs,0.735,none,saline,ip,NA,NA,NA,NA,NA,3141.59640800000,,,EMG.ncs,Events.nev,R190619A_states.mat,,,,CBvsPFCEEG;EMG;PCvsCBEEG;PFCvsPCEEG,[1 2],NA,274,
77,R190619B,190820,D:\data\R190619B_190820_dexmedetomidine\PFCvsPCEEG.ncs,0.5895,dexmedetomidine,none,NA,0.0003,0.001,55,NA,NA,7992.87252300000,,,EMG.ncs,Events.nev,,,,,CBvsPFCEEG;EMG;PCvsCBEEG;PFCvsPCEEG,[1 2],NA,,Stopped iso for tail vein cannula at 3:49 pm. Tested righting every 15 min. Righting was lost at 45 min.
78,R190618B,190821,D:\data\R190618B_R190617A_190821_syst_dexmedetomidine_saline\PFCvsPCEEG.ncs,0.6805,dexmedetomidine,saline,ip,0.0003,0.002,45,NA,NA,860.662636,,18,EMG.ncs,Events.nev,,,,,CBvsPFCEEG;EMG;PCvsCBEEG;PFCvsPCEEG,[1 2],NA,44+(46/60),"Saline was given at 10:37 am, ~1 hr before the start of the dex infusion. No clave; used luer-lock cap. Dex dilution was made by putting 0.4 mL of 100 ug/mL dex in 19.6 mL saline."
79,R190617A,190821,D:\data\R190618B_R190617A_190821_syst_dexmedetomidine_saline\PFCvsPCEEG2.ncs,0.6215,dexmedetomidine,saline,ip,0.0003,0.002,45,NA,NA,3009.07939800000,,29,EMG2.ncs,Events.nev,,,,,CBvsPFCEEG2;EMG2;PCvsCBEEG2;PFCvsPCEEG2,[1 2],NA,88+(52/60),"Saline was given at 11:18 am, ~1 hr before the start of the dex infusion. No clave; used luer-lock cap. Dex dilution was made by putting 0.4 mL of 100 ug/mL dex in 19.6 mL saline."
80,R190620,190822,D:\data\R190620_R190618A_190822_syst_dexmedetomidine_saline\PFCvsPCEEG.ncs,0.6445,dexmedetomidine,saline,ip,0.0003,0.002,45,NA,NA,3052.03417500000,,11,EMG.ncs,Events.nev,,,,,CBvsPFCEEG;EMG;PCvsCBEEG;PFCvsPCEEG,[1 2],NA,40.2,"Saline was given at 11:21 am, ~1 hr before the start of the dex infusion. No clave; used luer-lock cap. Dex dilution was made by putting 0.4 mL of 100 ug/mL dex in 19.6 mL saline. He wouldn't let me turn him over all the way (didn't lose righting reflex), but he was still splayed out, so I just recorded when he started moving again."
81,R190618A,190822,D:\data\R190620_R190618A_190822_syst_dexmedetomidine_saline\PFCvsPCEEG2.ncs,0.691,dexmedetomidine,saline,ip,0.0003,0.002,45,NA,NA,4379.42609900000,,37,EMG2.ncs,Events.nev,,,,,CBvsPFCEEG2;EMG2;PCvsCBEEG2;PFCvsPCEEG2,[1 2],NA,,"Saline was given at 11:42 am, ~1 hr before the start of the dex infusion. No clave; used luer-lock cap. Dex dilution was made by putting 0.4 mL of 100 ug/mL dex in 19.6 mL saline."
82,R190619A,190823,D:\data\R190619A_R190619B_190823_syst_dexmedetomidine_CNO\PFCvsPCEEG.ncs,0.754,dexmedetomidine,CNO,ip,0.0003,0.002,45,0.5,1,1516.64030700000,,8,EMG.ncs,Events.nev,,,,,CBvsPFCEEG;EMG;PCvsCBEEG;PFCvsPCEEG,[1 2],NA,40+(26/60),"CNO was given at 1:02 pm, ~1 hr before the start of the dex infusion. No clave; used luer-lock cap. Dex dilution was made by putting 0.4 mL of 100 ug/mL dex in 19.6 mL saline. Heating pad was already started before recording. He wouldn't let me turn him over (didn't lose righting reflex), so I just recorded when he started moving again."
83,R190619B,190823,D:\data\R190619A_R190619B_190823_syst_dexmedetomidine_CNO\PFCvsPCEEG2.ncs,0.576,dexmedetomidine,CNO,ip,0.0003,0.002,45,0.5,1,3197.50439400000,,54,EMG2.ncs,Events.nev,,,,,CBvsPFCEEG2;EMG2;PCvsCBEEG2;PFCvsPCEEG2,[1 2],NA,43.85,"CNO was given at 1:30 pm, ~1 hr before the start of the dex infusion. No clave; used luer-lock cap. Dex dilution was made by putting 0.4 mL of 100 ug/mL dex in 19.6 mL saline. Heating pad was already started before recording. This rat doesn't like to stand on his hind legs and is losing weight."
84,R190620,190826,D:\data\R190620_R190617A_190826_syst_dexmedetomidine_CNO\PFCvsPCEEG.ncs,0.637,dexmedetomidine,CNO,ip,0.0003,0.002,45,0.5,1,4438.68910400000,,32,EMG.ncs,Events.nev,,,,,CBvsPFCEEG;EMG;PCvsCBEEG;PFCvsPCEEG,[1 2],NA,48+(19/60),"CNO was given at 12:07 am, ~1 hr before the start of the dex infusion. No clave; used luer-lock cap. Dex dilution was made by putting 0.4 mL of 100 ug/mL dex in 19.6 mL saline. He was in the righthand cage."
85,R190617A,190826,D:\data\R190620_R190617A_190826_syst_dexmedetomidine_CNO\PFCvsPCEEG2.ncs,0.6425,dexmedetomidine,CNO,ip,0.0003,0.002,45,0.5,1,3092.91107600000,,47,EMG2.ncs,Events.nev,,,,,CBvsPFCEEG2;EMG2;PCvsCBEEG2;PFCvsPCEEG2,[1 2],NA,44+(35/60),"CNO was given at 11:45 am, ~1 hr before the start of the dex infusion. No clave; used luer-lock cap. Dex dilution was made by putting 0.4 mL of 100 ug/mL dex in 19.6 mL saline. He was in the lefthand cage."
86,R190619A,190827,D:\data\R190619A_R190619B_190827_syst_dexmedetomidine_saline\PFCvsPCEEG.ncs,0.739,dexmedetomidine,saline,ip,0.0003,0.002,45,NA,NA,3086.45404100000,,29,EMG.ncs,Events.nev,,,,,CBvsPFCEEG;EMG;PCvsCBEEG;PFCvsPCEEG,[1 2],NA,19+(47/60),"Saline was given at 11:38 am, ~1 hr before the start of the dex infusion. No clave; used luer-lock cap. Dex dilution was made by putting 0.4 mL of 100 ug/mL dex in 19.6 mL saline. Heating pad was already started before recording. He mostly let me turn him on his side, but maybe one front paw was not out to the side."
87,R190619B,190827,D:\data\R190619A_R190619B_190827_syst_dexmedetomidine_saline\PFCvsPCEEG2.ncs,0.5765,dexmedetomidine,saline,ip,0.0003,0.002,45,NA,NA,4611.33814100000,,52,EMG2.ncs,Events.nev,,,,,CBvsPFCEEG2;EMG2;PCvsCBEEG2;PFCvsPCEEG2,[1 2],NA,47.75,"Saline was given at 12:02 pm, ~1 hr before the start of the dex infusion. No clave; used luer-lock cap. Dex dilution was made by putting 0.4 mL of 100 ug/mL dex in 19.6 mL saline. Heating pad was already started before recording. This rat doesn't like to stand on his hind legs. He mostly let me turn him on his side, but maybe one front paw was not out to the side."
88,R190618A,190828,D:\data\R190618A_R190618B_190828_syst_dexmedetomidine_CNO\PFCvsPCEEG.ncs,0.7115,dexmedetomidine,CNO,ip,0.0003,0.002,45,0.5,1,2950.24920600000,,20,EMG.ncs,Events.nev,,,,,CBvsPFCEEG;EMG;PCvsCBEEG;PFCvsPCEEG,[1 2],NA,,"CNO was given at 9:59 am, ~1 hr before the start of the dex infusion. No clave; used luer-lock cap. Dex dilution was made by putting 0.4 mL of 100 ug/mL dex in 19.6 mL saline."
89,R190618B,190828,D:\data\R190618A_R190618B_190828_syst_dexmedetomidine_CNO\PFCvsPCEEG2.ncs,0.712,dexmedetomidine,CNO,ip,0.0003,0.002,45,0.5,1,4340.23372800000,,21,EMG2.ncs,Events.nev,,,,,CBvsPFCEEG2;EMG2;PCvsCBEEG2;PFCvsPCEEG2,[1 2],NA,48.3,"CNO was given at 10:21 am, ~1 hr before the start of the dex infusion. No clave; used luer-lock cap. Dex dilution was made by putting 0.4 mL of 100 ug/mL dex in 19.6 mL saline."
90,R190617A,190906,D:\data\R190617A_R190619A_190906_syst_ketamine_saline_syst_ketamine_CNO\PFCvsPCEEG.ncs,0.6695,ketamine,saline,ip,2,6,30,NA,NA,3216.34724200000,,14,EMG.ncs,Events.nev,,,,,CBvsPFCEEG;EMG;PCvsCBEEG;PFCvsPCEEG,[1 2],NA,13,"Saline was given at 12:46 pm, ~1 hr before the start of the ketamine infusion. No clave; used luer-lock cap. Ketamine dilution was made by putting 2.4 mL of 100 mg/mL ketamine in 37.6 mL saline."
91,R190619A,190906,D:\data\R190617A_R190619A_190906_syst_ketamine_saline_syst_ketamine_CNO\PFCvsPCEEG2.ncs,0.799,ketamine,CNO,ip,2,6,30,0.5,1,4453.22650300000,,16,EMG2.ncs,Events.nev,,,,,CBvsPFCEEG2;EMG2;PCvsCBEEG2;PFCvsPCEEG2,[1 2],NA,21+(56/60),"CNO was given at 1:08 pm, ~1 hr before the start of the ketamine infusion. No clave; used luer-lock cap. Ketamine dilution was made by putting 2.4 mL of 100 mg/mL ketamine in 37.6 mL saline."
92,R190620,190906,D:\data\R190620_R190618B_190906_syst_ketamine_CNO_syst_ketamine_saline\PFCvsPCEEG.ncs,0.6645,ketamine,CNO,ip,2,6,30,0.5,1,14600.0689130000,,14,EMG.ncs,Events.nev,,,,,CBvsPFCEEG;EMG;PCvsCBEEG;PFCvsPCEEG,[1 2],NA,30.5,"CNO was given at 3:59 pm, ~1 hr before the start of the ketamine infusion. No clave; used luer-lock cap. Ketamine dilution was made by putting 2.4 mL of 100 mg/mL ketamine in 37.6 mL saline. Heating pad was already started before recording."
93,R190618B,190906,D:\data\R190620_R190618B_190906_syst_ketamine_CNO_syst_ketamine_saline\PFCvsPCEEG2.ncs,0.7255,ketamine,saline,ip,2,6,30,NA,NA,15761.6373270000,,18,EMG2.ncs,Events.nev,,,,,CBvsPFCEEG2;EMG2;PCvsCBEEG2;PFCvsPCEEG2,[1 2],NA,27.25,"Saline was given at 4:18 pm, ~1 hr before the start of the ketamine infusion. No clave; used luer-lock cap. Ketamine dilution was made by putting 2.4 mL of 100 mg/mL ketamine in 37.6 mL saline. Heating pad was already started before recording."
94,R190617A,190910,D:\data\R190617A_R190619A_190910_syst_ketamine_CNO_syst_ketamine_saline\PFCvsPCEEG.ncs,0.673,ketamine,CNO,ip,2,6,30,0.5,1,2113.56683200000,,13,EMG.ncs,Events.nev,,,,,CBvsPFCEEG;EMG;PCvsCBEEG;PFCvsPCEEG,[1 2],NA,23+(29/60),"CNO was given at 1:12 pm, ~1 hr before the start of the ketamine infusion. No clave; used luer-lock cap. Ketamine dilution was made by putting 2.4 mL of 100 mg/mL ketamine in 37.6 mL saline. Heating pad was already started before recording. CNO never fully dissolved."
95,R190619A,190910,D:\data\R190617A_R190619A_190910_syst_ketamine_CNO_syst_ketamine_saline\PFCvsPCEEG2.ncs,0.773,ketamine,saline,ip,2,6,30,NA,NA,3144.94244600000,,12,EMG2.ncs,Events.nev,,,,,CBvsPFCEEG2;EMG2;PCvsCBEEG2;PFCvsPCEEG2,[1 2],NA,11.5,"Saline was given at 1:29 pm, ~1 hr before the start of the ketamine infusion. No clave; used luer-lock cap. Ketamine dilution was made by putting 2.4 mL of 100 mg/mL ketamine in 37.6 mL saline. Heating pad was already started before recording."
96,R190620,190910,D:\data\R190620_R190618B_190910_syst_ketamine_saline_syst_ketamine_CNO\PFCvsPCEEG.ncs,0.6595,ketamine,saline,ip,2,6,30,NA,NA,15559.4279640000,,12,EMG.ncs,Events.nev,,,,,CBvsPFCEEG;EMG;PCvsCBEEG;PFCvsPCEEG,[1 2],NA,29+(31/60),"Saline was given at 4:56 pm, ~1 hr before the start of the ketamine infusion. No clave; used luer-lock cap. Ketamine dilution was made by putting 2.4 mL of 100 mg/mL ketamine in 37.6 mL saline. Heating pad was already started before recording."
97,R190618B,190910,D:\data\R190620_R190618B_190910_syst_ketamine_saline_syst_ketamine_CNO\PFCvsPCEEG2.ncs,0.725,ketamine,CNO,ip,2,6,30,0.5,1,16569.2267040000,,16,EMG2.ncs,Events.nev,,,,,CBvsPFCEEG2;EMG2;PCvsCBEEG2;PFCvsPCEEG2,[1 2],NA,29+(19/60),"CNO was given at 5:13 pm, ~1 hr before the start of the ketamine infusion. No clave; used luer-lock cap. Ketamine dilution was made by putting 2.4 mL of 100 mg/mL ketamine in 37.6 mL saline. Heating pad was already started before recording."
98,R191014,191112,D:\data\R191014_191112_saline\PFCvsPCEEG.ncs,0.479,none,saline,ip,NA,NA,NA,NA,NA,2023.24414000000,,,EMG.ncs,Events.nev,R191014_states.mat,,,,CBvsPFCEEG;EMG;PCvsCBEEG;PFCvsPCEEG,[1 2],NA,184.05,
99,R191014,191115,D:\data\R191014_191115_CNO\PFCvsPCEEG.ncs,0.492,none,CNO,ip,NA,NA,NA,0.5,1,3920.45236500000,,,EMG.ncs,Events.nev,R191014_states.mat,,,,CBvsPFCEEG;EMG;PCvsCBEEG;PFCvsPCEEG,[1 2],NA,240.45,
100,R191016,191119,D:\data\R191016_R191015_191119_syst_dexmedetomidine_saline\PFCvsPCEEG.ncs,0.4835,dexmedetomidine,saline,ip,0.0003,0.002,45,NA,NA,2346.61441700000,,,EMG.ncs,Events.nev,,,,,CBvsPFCEEG;EMG;PCvsCBEEG;PFCvsPCEEG,[1 2],NA,36.85,"Saline was given at 12:35 pm, ~1 hr before the start of the dex infusion. No clave; used luer-lock cap. Dex dilution was made by putting 0.4 mL of 100 ug/mL dex in 19.6 mL saline. Heating pad was already started before recording. He had pink urine following the ip injection. He also seemed to be in pain and was chewing at the tail vein cannula a lot during the infusion, but eventually went down. He wouldn't let me turn him over (didn't lose righting reflex), so I just recorded when he started moving again."
101,R191015,191119,D:\data\R191016_R191015_191119_syst_dexmedetomidine_saline\PFCvsPCEEG2.ncs,0.4505,dexmedetomidine,saline,ip,0.0003,0.002,45,NA,NA,3192.21032300000,,,EMG2.ncs,Events.nev,,,,,CBvsPFCEEG2;EMG2;PCvsCBEEG2;PFCvsPCEEG2,[1 2],NA,45.65,"Saline was given at 12:49 pm, ~1 hr before the start of the dex infusion. No clave; used luer-lock cap. Dex dilution was made by putting 0.4 mL of 100 ug/mL dex in 19.6 mL saline. Heating pad was already started before recording."
102,R191014,191121,D:\data\R191014_R191030_191121_syst_dexmedetomidine_saline\PFCvsPCEEG.ncs,0.505,dexmedetomidine,saline,ip,0.0003,0.002,45,NA,NA,2300.30717600000,,,EMG.ncs,Events.nev,,,,,CBvsPFCEEG;EMG;PCvsCBEEG;PFCvsPCEEG,[1 2],NA,10.8,"Saline was given at 11:33 am, ~1 hr before the start of the dex infusion. No clave; used luer-lock cap. Dex dilution was made by putting 0.4 mL of 100 ug/mL dex in 19.6 mL saline. Heating pad was already started before recording. He would flinch a lot as he was going under. He mostly let me turn him on his side, but maybe one front paw was not out to the side."
103,R191030,191121,D:\data\R191014_R191030_191121_syst_dexmedetomidine_saline\PFCvsPCEEG2.ncs,0.4145,dexmedetomidine,saline,ip,0.0003,0.002,45,NA,NA,3099.65330600000,,,EMG2.ncs,Events.nev,,,,,CBvsPFCEEG2;EMG2;PCvsCBEEG2;PFCvsPCEEG2,[1 2],NA,21.3,"Saline was given at 11:47 am, ~1 hr before the start of the dex infusion. No clave; used luer-lock cap. Dex dilution was made by putting 0.4 mL of 100 ug/mL dex in 19.6 mL saline. Heating pad was already started before recording. He mostly let me turn him on his side, but maybe one front paw was not out to the side."
104,R191016,191125,D:\data\R191016_R191015_191125_syst_dexmedetomidine_CNO\PFCvsPCEEG.ncs,0.490,dexmedetomidine,CNO,ip,0.0003,0.002,45,0.5,1,2217.14425000000,,,EMG.ncs,Events.nev,,,,,CBvsPFCEEG;EMG;PCvsCBEEG;PFCvsPCEEG,[1 2],NA,45+(23/60),"CNO was given at 11:33 pm, ~1 hr before the start of the dex infusion. No clave; used luer-lock cap. Dex dilution was made by putting 0.4 mL of 100 ug/mL dex in 19.6 mL saline. Heating pad was already started before recording. He wouldn't let me turn him over (didn't lose righting reflex), so I just recorded when he started moving again."
105,R191015,191125,D:\data\R191016_R191015_191125_syst_dexmedetomidine_CNO\PFCvsPCEEG2.ncs,0.4615,dexmedetomidine,CNO,ip,0.0003,0.002,45,0.5,1,3223.85637200000,,,EMG2.ncs,Events.nev,,,,,CBvsPFCEEG2;EMG2;PCvsCBEEG2;PFCvsPCEEG2,[1 2],NA,45+(16/60),"CNO was given at 11:50 pm, ~1 hr before the start of the dex infusion. No clave; used luer-lock cap. Dex dilution was made by putting 0.4 mL of 100 ug/mL dex in 19.6 mL saline. Heating pad was already started before recording. He wouldn't let me turn him over (didn't lose righting reflex), so I just recorded when he started moving again."
106,R191030,191126,D:\data\R191030_R191014_191126_syst_dexmedetomidine_CNO\PFCvsPCEEG.ncs,0.425,dexmedetomidine,CNO,ip,0.0003,0.002,45,0.5,1,1921.15797700000,,,EMG.ncs,Events.nev,,,,,CBvsPFCEEG;EMG;PCvsCBEEG;PFCvsPCEEG,[1 2],NA,45+(47/60),"CNO was given at 12:13 pm, ~1 hr, 1 min before the start of the dex infusion. No clave; used luer-lock cap. Dex dilution was made by putting 0.4 mL of 100 ug/mL dex in 19.6 mL saline. Heating pad was already started before recording. Dex infusion was started probably ~7 s after the event (the button didn't press)."
107,R191014,191126,D:\data\R191030_R191014_191126_syst_dexmedetomidine_CNO\PFCvsPCEEG2.ncs,0.519,dexmedetomidine,CNO,ip,0.0003,0.002,45,0.5,1,3056.32622500000,,,EMG2.ncs,Events.nev,,,,,CBvsPFCEEG2;EMG2;PCvsCBEEG2;PFCvsPCEEG2,[1 2],NA,48+(26/60),"CNO was given at 12:33 pm, ~1 hr before the start of the dex infusion. No clave; used luer-lock cap. Dex dilution was made by putting 0.4 mL of 100 ug/mL dex in 19.6 mL saline. Heating pad was already started before recording."
108,R191030,191129,D:\data\R191030_R191015_191129_syst_ketamine_saline\PFCvsPCEEG.ncs,0.425,ketamine,saline,ip,2,6,30,NA,NA,1904.88221300000,,,EMG.ncs,Events.nev,,,,,CBvsPFCEEG;EMG;PCvsCBEEG;PFCvsPCEEG,[1 2],NA,23.55,"Saline was given at 12:04 pm, ~1 hr before the start of the ketamine infusion. No clave; used luer-lock cap. Ketamine dilution was made by putting 2.4 mL of 100 mg/mL ketamine in 37.6 mL saline. Heating pad was already started before recording."
109,R191015,191129,D:\data\R191030_R191015_191129_syst_ketamine_saline\PFCvsPCEEG2.ncs,0.4605,ketamine,saline,ip,2,6,30,NA,NA,2764.48385800000,,,EMG2.ncs,Events.nev,,,,,CBvsPFCEEG2;EMG2;PCvsCBEEG2;PFCvsPCEEG2,[1 2],NA,16+(50/60),"Saline was given at 12:20 pm, ~1 hr before the start of the ketamine infusion. No clave; used luer-lock cap. Ketamine dilution was made by putting 2.4 mL of 100 mg/mL ketamine in 37.6 mL saline. Heating pad was already started before recording."
110,R191014,191129,D:\data\R191014_R191016_191129_syst_ketamine_saline\PFCvsPCEEG.ncs,0.520,ketamine,saline,ip,2,6,30,NA,NA,12896.8130800000,,,EMG.ncs,Events.nev,,,,,CBvsPFCEEG;EMG;PCvsCBEEG;PFCvsPCEEG,[1 2],NA,26+(34/60),"Saline was given at 3:07 pm, ~1 hr before the start of the ketamine infusion. No clave; used luer-lock cap. Ketamine dilution was made by putting 2.4 mL of 100 mg/mL ketamine in 37.6 mL saline. Heating pad was already started before recording."
111,R191016,191129,D:\data\R191014_R191016_191129_syst_ketamine_saline\PFCvsPCEEG2.ncs,0.499,ketamine,saline,ip,2,6,30,NA,NA,13605.6138980000,,,EMG2.ncs,Events.nev,,,,,CBvsPFCEEG2;EMG2;PCvsCBEEG2;PFCvsPCEEG2,[1 2],NA,30+(8/60),"Saline was given at 3:19 pm, ~1 hr before the start of the ketamine infusion. No clave; used luer-lock cap. Ketamine dilution was made by putting 2.4 mL of 100 mg/mL ketamine in 37.6 mL saline. Heating pad was already started before recording."
112,R191030,191205,D:\data\R191030_R191015_191205_syst_ketamine_CNO\PFCvsPCEEG.ncs,0.4225,ketamine,CNO,ip,2,6,30,0.5,1,2365.91518000000,,,EMG.ncs,Events.nev,,,,,CBvsPFCEEG;EMG;PCvsCBEEG;PFCvsPCEEG,[1 2],NA,22.7,"Saline was given at 11:12 am, ~1 hr before the start of the ketamine infusion. No clave; used luer-lock cap. Ketamine dilution was made by putting 2.4 mL of 100 mg/mL ketamine in 37.6 mL saline. Heating pad was already started before recording."
113,R191015,191205,D:\data\R191030_R191015_191205_syst_ketamine_CNO\PFCvsPCEEG2.ncs,0.4695,ketamine,CNO,ip,2,6,30,0.5,1,3198.38158700000,,,EMG2.ncs,Events.nev,,,,,CBvsPFCEEG2;EMG2;PCvsCBEEG2;PFCvsPCEEG2,[1 2],NA,14+(41/60),"Saline was given at 11:26 am, ~1 hr before the start of the ketamine infusion. No clave; used luer-lock cap. Ketamine dilution was made by putting 2.4 mL of 100 mg/mL ketamine in 37.6 mL saline. Heating pad was already started before recording."
114,R191014,191205,D:\data\R191014_R191016_191205_syst_ketamine_CNO\PFCvsPCEEG.ncs,0.537,ketamine,CNO,ip,2,6,30,0.5,1,14171.3121550000,,,EMG.ncs,Events.nev,,,,,CBvsPFCEEG;EMG;PCvsCBEEG;PFCvsPCEEG,[1 2],NA,30+(44/60),"Saline was given at 2:29 pm, ~1 hr before the start of the ketamine infusion. No clave; used luer-lock cap. Ketamine dilution was made by putting 2.4 mL of 100 mg/mL ketamine in 37.6 mL saline. Heating pad was already started before recording."
115,R191016,191205,D:\data\R191014_R191016_191205_syst_ketamine_CNO\PFCvsPCEEG2.ncs,0.504,ketamine,CNO,ip,2,6,30,0.5,1,15257.8894520000,,,EMG2.ncs,Events.nev,,,,,CBvsPFCEEG2;EMG2;PCvsCBEEG2;PFCvsPCEEG2,[1 2],NA,29.45,"Saline was given at 2:47 pm, ~1 hr before the start of the ketamine infusion. No clave; used luer-lock cap. Ketamine dilution was made by putting 2.4 mL of 100 mg/mL ketamine in 37.6 mL saline. Heating pad was already started before recording."
116,R191015,191212,D:\data\R191015_R191016_191212_saline\PFCvsPCEEG.ncs,0.479,none,saline,ip,NA,NA,NA,NA,NA,1355.01719700000,,,EMG.ncs,Events.nev,R191015_states.mat,,,,CBvsPFCEEG;EMG;PCvsCBEEG;PFCvsPCEEG,[1 2],NA,1,
117,R191016,191212,D:\data\R191015_R191016_191212_saline\PFCvsPCEEG2.ncs,0.5085,none,saline,ip,NA,NA,NA,NA,NA,1748.60638900000,,,EMG2.ncs,Events.nev,R191016_states.mat,,,,CBvsPFCEEG2;EMG2;PCvsCBEEG2;PFCvsPCEEG2,[1 2],NA,1,
118,R191015,191216,D:\data\R191015_R191016_191216_CNO\PFCvsPCEEG.ncs,0.4855,none,CNO,ip,NA,NA,NA,0.5,1,0,,,EMG.ncs,Events.nev,,,,,CBvsPFCEEG;EMG;PCvsCBEEG;PFCvsPCEEG,[1 2],NA,1,
119,R191016,191216,D:\data\R191015_R191016_191216_CNO\PFCvsPCEEG2.ncs,0.518,none,CNO,ip,NA,NA,NA,0.5,1,0,,,EMG2.ncs,Events.nev,,,,,CBvsPFCEEG2;EMG2;PCvsCBEEG2;PFCvsPCEEG2,[1 2],NA,1,
120,R191015,191231,D:\data\R191015_R191016_191231_CNO\PFCvsPCEEG.ncs,0.4975,none,CNO,ip,NA,NA,NA,0.5,1,2324.59975400000,,,EMG.ncs,Events.nev,R191015_states.mat,,,,CBvsPFCEEG;EMG;PCvsCBEEG;PFCvsPCEEG,[1 2],NA,1,
121,R191016,191231,D:\data\R191015_R191016_191231_CNO\PFCvsPCEEG2.ncs,0.5395,none,CNO,ip,NA,NA,NA,0.5,1,2442.99598300000,,,EMG2.ncs,Events.nev,R191016_states.mat,,,,CBvsPFCEEG2;EMG2;PCvsCBEEG2;PFCvsPCEEG2,[1 2],NA,1,
122,R191014,200113,D:\data\R191014_R191016_200113_syst_ketamine_saline\PFCvsPCEEG.ncs,0.633,ketamine,saline,ip,4,6,15,NA,NA,2114.25735400000,,,EMG.ncs,Events.nev,,,,,CBvsPFCEEG;EMG;PCvsCBEEG;PFCvsPCEEG,[1 2],NA,1,"Saline was given at 2:31 pm, ~1 hr before the start of the ketamine infusion. No clave; used luer-lock cap. Ketamine dilution was made by putting 2.4 mL of 100 mg/mL ketamine in 37.6 mL saline. Heating pad was already started before recording. I accidentally pressed the infusion button twice, so it stopped a split second after it started, and then ~2 seconds later I started it again."
123,R191016,200113,D:\data\R191014_R191016_200113_syst_ketamine_saline\PFCvsPCEEG2.ncs,0.548,ketamine,saline,ip,4,6,15,NA,NA,3107.03087000000,,,EMG2.ncs,Events.nev,,,,,CBvsPFCEEG2;EMG2;PCvsCBEEG2;PFCvsPCEEG2,[1 2],NA,1,"Saline was given at 2:48 pm, ~1 hr before the start of the ketamine infusion. No clave; used luer-lock cap. Ketamine dilution was made by putting 2.4 mL of 100 mg/mL ketamine in 37.6 mL saline. Heating pad was already started before recording."
124,R191014,200116,D:\data\R191014_R191016_200116_syst_ketamine_CNO\PFCvsPCEEG.ncs,0.630,ketamine,CNO,ip,4,6,15,0.5,1,2172.21163300000,,,EMG.ncs,Events.nev,,,,,CBvsPFCEEG;EMG;PCvsCBEEG;PFCvsPCEEG,[1 2],NA,1,"CNO was given at 1:41 pm, ~1 hr before the start of the ketamine infusion. No clave; used luer-lock cap. Ketamine dilution was made by putting 2.4 mL of 100 mg/mL ketamine in 37.6 mL saline. Heating pad was already started before recording."
125,R191016,200116,D:\data\R191014_R191016_200116_syst_ketamine_CNO\PFCvsPCEEG2.ncs,0.5545,ketamine,CNO,ip,4,6,15,0.5,1,3246.62993600000,,,EMG2.ncs,Events.nev,,,,,CBvsPFCEEG2;EMG2;PCvsCBEEG2;PFCvsPCEEG2,[1 2],NA,1,"CNO was given at 1:58 pm, ~1 hr before the start of the ketamine infusion. No clave; used luer-lock cap. Ketamine dilution was made by putting 2.4 mL of 100 mg/mL ketamine in 37.6 mL saline. Heating pad was already started before recording."
126,R191014,200120,D:\data\R191014_R191016_200120_syst_dexmedetomidine_saline\PFCvsPCEEG.ncs,0.619,dexmedetomidine,saline,ip,0.0045,0.005,10,NA,NA,2340.41892900000,,,EMG.ncs,Events.nev,,,,,CBvsPFCEEG;EMG;PCvsCBEEG;PFCvsPCEEG,[1 2],NA,1,"Saline was given at 12:03 pm, ~1 hr before the start of the dexmedetomidine infusion. No clave; used luer-lock cap. Dex dilution was made by putting 2 mL of 100 ug/mL dex in 38 mL saline. Heating pad was already started before recording."
127,R191016,200120,D:\data\R191014_R191016_200120_syst_dexmedetomidine_saline\PFCvsPCEEG2.ncs,0.557,dexmedetomidine,saline,ip,0.0045,0.005,10,NA,NA,3190.40973000000,,,EMG2.ncs,Events.nev,,,,,CBvsPFCEEG2;EMG2;PCvsCBEEG2;PFCvsPCEEG2,[1 2],NA,1,"Saline was given at 12:18 pm, ~1 hr before the start of the dexmedetomidine infusion. No clave; used luer-lock cap. Dex dilution was made by putting 2 mL of 100 ug/mL dex in 38 mL saline. Heating pad was already started before recording."
128,R191030,200121,D:\data\R191030_200121_saline\PFCvsPCEEG.ncs,0.5125,none,saline,ip,NA,NA,NA,NA,NA,1018.45747900000,,,EMG.ncs,Events.nev,R191030_states.mat,,,,CBvsPFCEEG;EMG;PCvsCBEEG;PFCvsPCEEG,[1 2],NA,1,
129,R191014,200123,D:\data\R191014_R191016_200123_syst_dexmedetomidine_CNO\PFCvsPCEEG.ncs,0.610,dexmedetomidine,CNO,ip,0.0045,0.005,10,0.5,1,2170.30784100000,,,EMG.ncs,Events.nev,,,,,CBvsPFCEEG;EMG;PCvsCBEEG;PFCvsPCEEG,[1 2],NA,1,"CNO was given at 12:03 pm, ~1 hr before the start of the dexmedetomidine infusion. No clave; used luer-lock cap. Dex dilution was made by putting 2 mL of 100 ug/mL dex in 38 mL saline. Heating pad was already started before recording."
130,R191016,200123,D:\data\R191014_R191016_200123_syst_dexmedetomidine_CNO\PFCvsPCEEG2.ncs,0.5565,dexmedetomidine,CNO,ip,0.0045,0.005,10,0.5,1,3130.52832500000,,,EMG2.ncs,Events.nev,,,,,CBvsPFCEEG2;EMG2;PCvsCBEEG2;PFCvsPCEEG2,[1 2],NA,1,"CNO was given at 12:19 pm, ~1 hr before the start of the dexmedetomidine infusion. No clave; used luer-lock cap. Dex dilution was made by putting 2 mL of 100 ug/mL dex in 38 mL saline. Heating pad was already started before recording."
131,R191030,200124,D:\data\R191030_200124_CNO\PFCvsPCEEG.ncs,0.511,none,CNO,ip,NA,NA,NA,0.5,1,1147.24255300000,,,EMG.ncs,Events.nev,,,,,CBvsPFCEEG;EMG;PCvsCBEEG;PFCvsPCEEG,[1 2],NA,1,Rat chewed through his cable.
132,R191030,200128,D:\data\R191030_200128_CNO\PFCvsPCEEG.ncs,0.5065,none,CNO,ip,NA,NA,NA,0.5,1,2215.45282000000,,,EMG.ncs,Events.nev,R191030_states.mat,,,,CBvsPFCEEG;EMG;PCvsCBEEG;PFCvsPCEEG,[1 2],NA,1,
133,Rtest,200803,D:\data\Rtest_200803\PFCvsPCEEG.ncs,0,none,none,ip,NA,NA,NA,NA,NA,0,,,EMG.ncs,Events.nev,,,,,CBvsPFCEEG;EMG;PCvsCBEEG;PFCvsPCEEG,[1 2],NA,1,
134,R201214A,210111,,0.5075,none,CNO,ip,NA,NA,NA,0.5,1,,,,,,,,,,,,,,"CNO was given at 3:35 pm, 1 hr 10 mins before the perfusion started."
135,R201214B,210218,,0.7085,none,CNO,ip,NA,NA,NA,0.5,1,,,,,,,,,,,,,,"CNO was given at 2:30 pm, 1 hr before the perfusion started."
136,R201214C,210303,,0.644,none,saline,ip,NA,NA,NA,NA,NA,,,,,,,,,,,,,,"Saline was given at 3:29 pm, 1 hr 10 mins before the perfusion started."
,,,,,,,,,,,,,,,,,,,,,,,,,,
,1,2,3,4,5,6,7,8,9,10,11,12,13,14,15,16,17,18,19,20,21,22,23,24,25,26